processed_at,status,business_name,city,category,website,domain,best_email,all_emails,email_source_url,pages_checked,checked_urls,reason,source_url,google_maps_url,place_id
2026-06-18T21:37:46Z,failed,patronhotel.com,,,https://patronhotel.com,patronhotel.com,,,,0,,homepage_fetch_failed,,,
2026-06-18T21:38:22Z,found,theroomslara.com,,,https://theroomslara.com,theroomslara.com,theroomslara@gmail.com,theroomslara@gmail.com,https://www.theroomslara.com/rezervasyon/,5,https://www.theroomslara.com/ | https://www.theroomslara.com/rezervasyon/ | https://www.theroomslara.com/iletisim/ | https://www.theroomslara.com/iletisim/ | https://www.theroomslara.com/ileti%C5%9Fim/,source_visible_email_found,,,
2026-06-18T21:38:31Z,found,hotelantroyal.com,,,https://hotelantroyal.com,hotelantroyal.com,info@hotelantroyal.com,info@hotelantroyal.com,https://hotelantroyal.com/kvkk.html,2,https://hotelantroyal.com/ | https://hotelantroyal.com/kvkk.html,source_visible_email_found,,,
2026-06-18T21:38:37Z,found,verasuites.net,,,https://verasuites.net,verasuites.net,605a7baede844d278b89dc95ae0a9123@sentry-next.wixpress.com,605a7baede844d278b89dc95ae0a9123@sentry-next.wixpress.com;8eb368c655b84e029ed79ad7a5c1718e@sentry.wixpress.com,https://www.verasuites.net/,1,https://www.verasuites.net/,source_visible_email_found,,,
2026-06-18T21:38:43Z,found,suitelaguna.com,,,https://suitelaguna.com,suitelaguna.com,info@suitelaguna.com,info@suitelaguna.com,https://suitelaguna.com/,2,https://suitelaguna.com/ | https://suitelaguna.com/kvkk-aydinlatma-metni/,source_visible_email_found,,,
2026-06-18T21:38:53Z,failed,dreamtimehotelspa.com,,,https://dreamtimehotelspa.com,dreamtimehotelspa.com,,,,0,,homepage_fetch_failed,,,
2026-06-18T21:38:53Z,found,royaltyezel.com,,,https://royaltyezel.com,royaltyezel.com,info@royaltyezel.com,royalezelhotel@gmail.com;info@royaltyezel.com,https://www.royaltyezel.com/,4,https://www.royaltyezel.com/ | https://www.royaltyezel.com/iletisim/ | https://www.royaltyezel.com/hakkimizda/ | https://www.royaltyezel.com/iletisim/,source_visible_email_found,,,
2026-06-18T21:39:18Z,found,olihotel.com.tr,,,https://olihotel.com.tr,olihotel.com.tr,info@olihotel.com.tr,info@olihotel.com.tr,https://theolihotel.com/,6,https://theolihotel.com/ | https://theolihotel.com/iletisim/ | https://theolihotel.com/kullanici-satis-sozlesmesi/ | https://theolihotel.com/en/contact-us/ | https://theolihotel.com/en/contact-us/ | https://theolihotel.com/iletisim/,source_visible_email_found,,,
2026-06-18T21:39:34Z,no_email,ersoy-ak-pansiyon.antalyahotel.org,,,https://ersoy-ak-pansiyon.antalyahotel.org,ersoy-ak-pansiyon.antalyahotel.org,,,,8,https://ersoy-ak-pansiyon.antalyahotel.org/ | https://ersoy-ak-pansiyon.antalyahotel.org/#contact | https://ersoy-ak-pansiyon.antalyahotel.org/en/ | https://ersoy-ak-pansiyon.antalyahotel.org/en/ | https://ersoy-ak-pansiyon.antalyahotel.org/en/ | https://ersoy-ak-pansiyon.antalyahotel.org/en/ | https://ersoy-ak-pansiyon.antalyahotel.org/en/ | https://ersoy-ak-pansiyon.antalyahotel.org/en/,no_source_visible_email,,,
2026-06-18T21:39:45Z,found,pearlyhotel.com,,,https://pearlyhotel.com,pearlyhotel.com,info@pearlyhotel.com,info@pearlyhotel.com,https://www.pearlyhotel.com/tr,8,https://www.pearlyhotel.com/tr | https://www.pearlyhotel.com/tr/about | https://www.pearlyhotel.com/tr/contact | https://www.pearlyhotel.com/tr/kvkk | https://www.pearlyhotel.com/tr/privacy-policy | https://www.pearlyhotel.com/tr/policy | https://www.pearlyhotel.com/tr/sustainability-policy | https://www.pearlyhotel.com/tr,source_visible_email_found,,,
2026-06-18T21:39:58Z,found,primeotel.com,,,https://primeotel.com,primeotel.com,info@primeotel.com,info@primeotel.com,https://primeotel.com/,6,https://primeotel.com/ | https://primeotel.com/hakkimizda/ | https://primeotel.com/iletisim/ | https://booking.primeotel.com/ | https://booking.primeotel.com/ | https://primeotel.com/kvkk-cerez-politikasi/,source_visible_email_found,,,
2026-06-18T21:40:08Z,found,grandkayalar.com,,,https://grandkayalar.com,grandkayalar.com,info@grandkayalar.com,info@grandkayalar.com,https://grandkayalar.com/,7,https://grandkayalar.com/ | https://grandkayalar.com/index.php | https://www.grandkayalar.com?404 | https://www.grandkayalar.com?404 | https://www.grandkayalar.com?404 | https://www.grandkayalar.com?404 | https://www.grandkayalar.com?404,source_visible_email_found,,,
2026-06-18T21:40:16Z,found,bulvarhotelantalya.com,,,https://bulvarhotelantalya.com,bulvarhotelantalya.com,info@bulvarhotelantalya.com,info@bulvarhotelantalya.com,https://bulvarhotelantalya.com/,2,https://bulvarhotelantalya.com/ | https://bulvarhotelantalya.com/contact.php,source_visible_email_found,,,
2026-06-18T21:40:23Z,found,swhite.rezervasyonal.com,,,https://swhite.rezervasyonal.com,swhite.rezervasyonal.com,swhitehotel2024@gmail.com,swhitehotel2024@gmail.com,https://swhite.rezervasyonal.com/,1,https://swhite.rezervasyonal.com/,source_visible_email_found,,,
2026-06-18T21:40:29Z,found,toprakotelantalya.com,,,https://toprakotelantalya.com,toprakotelantalya.com,info@toprakotelantalya.com,info@toprakotelantalya.com,https://toprakotelantalya.com/,5,https://toprakotelantalya.com/ | https://toprakotelantalya.com/antalya-apart-otel/toprak-otel-antalya | https://toprakotelantalya.com/iletisim | https://toprakotelantalya.com/iletisim | https://toprakotelantalya.com/tr/iletisim,source_visible_email_found,,,
2026-06-18T21:40:38Z,found,erdemhotel.com,,,https://erdemhotel.com,erdemhotel.com,info@erdemhotel.com,info@erdemhotel.com,https://erdemhotel.com/,3,https://erdemhotel.com/ | https://erdemhotel.com/sayfa/hakkimizda.html | https://erdemhotel.com/iletisim.html,source_visible_email_found,,,
2026-06-18T21:40:44Z,found,parkhotelrooms.com,,,https://parkhotelrooms.com,parkhotelrooms.com,info@parkhotelrooms.com,info@parkhotelrooms.com,https://www.parkhotelrooms.com/,4,https://www.parkhotelrooms.com/ | https://www.parkhotelrooms.com/kurumsal | https://www.parkhotelrooms.com/rezervasyon | https://www.parkhotelrooms.com/iletisim,source_visible_email_found,,,
2026-06-18T21:40:52Z,found,belmondosuites.com,,,https://belmondosuites.com,belmondosuites.com,info@belmondosuites.com,info@belmondosuites.com,https://belmondosuites.com/,5,https://belmondosuites.com/ | https://belmondosuites.com/about.html | https://belmondosuites.com/contact.html | https://belmondosuites.com/reservation.html | https://belmondosuites.com/birthday.html,source_visible_email_found,,,
2026-06-18T21:40:59Z,found,sirenaapart.com,,,https://sirenaapart.com,sirenaapart.com,info@sirenahotel.com.tr,info@sirenahotel.com.tr;u003einfo@sirenahotel.com.tr,https://www.sirenaapart.com/,4,https://www.sirenaapart.com/ | https://www.sirenaapart.com/antalya-konyaalti-sirenaapart-apartotel/ | https://www.sirenaapart.com/rezervasyon/ | https://www.sirenaapart.com/iletisim/,source_visible_email_found,,,
2026-06-18T21:41:06Z,failed,nurgulpansiyon.com,,,https://nurgulpansiyon.com,nurgulpansiyon.com,,,,0,,homepage_fetch_failed,,,
2026-06-18T21:41:07Z,found,stilesuite.com,,,https://stilesuite.com,stilesuite.com,info@stilesuite.com,info@stilesuite.com,https://www.stilesuite.com/iletisim/,3,https://www.stilesuite.com/ | https://www.stilesuite.com/iletisim/ | https://www.stilesuite.com/iletisim/,source_visible_email_found,,,
2026-06-18T21:41:16Z,failed,yelkenaparthotel.com,,,https://yelkenaparthotel.com,yelkenaparthotel.com,,,,0,,homepage_fetch_failed,,,
2026-06-18T21:41:16Z,found,oscarbutikhotel.com,,,https://oscarbutikhotel.com,oscarbutikhotel.com,info@oscarbutikhotel.com,info@oscarbutikhotel.com,https://www.oscarbutikhotel.com/iletisim/,5,https://www.oscarbutikhotel.com/ | https://www.oscarbutikhotel.com/rezervasyon/ | https://www.oscarbutikhotel.com/iletisim/ | https://www.oscarbutikhotel.com/iletisim/ | https://www.oscarbutikhotel.com/ileti%C5%9Fim/,source_visible_email_found,,,
2026-06-18T21:41:25Z,found,seversuiteshotel.com,,,https://seversuiteshotel.com,seversuiteshotel.com,seversuites@hotmail.com,seversuites@hotmail.com,https://seversuiteshotel.com/,3,https://seversuiteshotel.com/ | https://seversuiteshotel.com/iletisim | https://seversuiteshotel.com/kurumsal,source_visible_email_found,,,
2026-06-18T21:41:33Z,found,alpinnapart.com,,,https://alpinnapart.com,alpinnapart.com,info@alpinnapart.com,info@alpinnapart.com,https://alpinnapart.com/,3,https://alpinnapart.com/ | https://alpinnapart.com/rezervasyon.asp | https://alpinnapart.com/iletisim.asp,source_visible_email_found,,,
2026-06-18T21:41:41Z,found,premiumrezidans.com,,,https://premiumrezidans.com,premiumrezidans.com,605a7baede844d278b89dc95ae0a9123@sentry-next.wixpress.com,605a7baede844d278b89dc95ae0a9123@sentry-next.wixpress.com;8eb368c655b84e029ed79ad7a5c1718e@sentry.wixpress.com,https://www.premiumrezidans.com/,1,https://www.premiumrezidans.com/,source_visible_email_found,,,
2026-06-18T21:41:47Z,found,casasalexisymary.com,,,https://casasalexisymary.com,casasalexisymary.com,mrl0670@gmail.com,mrl0670@gmail.com,https://casasalexisymary.com/,3,https://casasalexisymary.com/ | https://casasalexisymary.com/contact/ | https://casasalexisymary.com/contact/,source_visible_email_found,,,
2026-06-18T21:42:21Z,found,delightdeluxehotel.com,,,https://delightdeluxehotel.com,delightdeluxehotel.com,info@delightdeluxehotel.com,info@delightdeluxehotel.com,https://delightdeluxehotel.com/,3,https://delightdeluxehotel.com/ | http://delightdeluxehotel.com/infoen | https://delightdeluxehotel.com/booking/,source_visible_email_found,,,
2026-06-18T21:42:29Z,found,alppasa.com,,,https://alppasa.com,alppasa.com,info@alppasa.com,info@alppasa.com,https://alppasa.com/tr/,3,https://alppasa.com/tr/ | https://alppasa.com/tr/tr-hakkimizda/ | https://alppasa.com/tr/tr-iletisim/,source_visible_email_found,,,
2026-06-18T21:43:48Z,found,bilemotel.com,,,https://bilemotel.com,bilemotel.com,info@bilemotel.com,info@bilemotel.com,https://bilemotel.com/,6,https://bilemotel.com/ | https://bilemotel.com/about/ | https://bilemotel.com/contacts/ | https://bilemotel.com/booking/ | https://bilemotel.com/guest-account/ | https://bilemotel.com/contacts/,source_visible_email_found,,,
2026-06-18T21:43:52Z,failed,oscargardens.com,,,https://oscargardens.com,oscargardens.com,,,,0,,homepage_fetch_failed,,,
2026-06-18T21:43:52Z,failed,marriott.com,,,https://marriott.com,marriott.com,,,,0,,homepage_fetch_failed,,,
2026-06-18T21:43:52Z,found,kosaotelantalya.com,,,https://kosaotelantalya.com,kosaotelantalya.com,info@kosaotel.com,info@kosaotel.com,https://kosaotelantalya.com/,7,https://kosaotelantalya.com/ | https://kosaotelantalya.com/contacts/ | https://kosaotelantalya.com/guest-account/ | https://kosaotelantalya.com/about/ | https://kosaotelantalya.com/booking/ | https://kosaotelantalya.com/privacy-policy/ | https://kosaotelantalya.com/business-policy/,source_visible_email_found,,,
2026-06-18T21:43:57Z,failed,adamaparthotel.com,,,https://adamaparthotel.com,adamaparthotel.com,,,,0,,homepage_fetch_failed,,,
2026-06-18T21:44:33Z,found,citymoonlightapartotel.com,,,https://citymoonlightapartotel.com,citymoonlightapartotel.com,info@citymoonlighthotel.com,info@citymoonlighthotel.com;605a7baede844d278b89dc95ae0a9123@sentry-next.wixpress.com;8eb368c655b84e029ed79ad7a5c1718e@sentry.wixpress.com,https://www.citymoonlightapartotel.com/,4,https://www.citymoonlightapartotel.com/ | https://www.citymoonlightapartotel.com/hakkimizda | https://www.citymoonlightapartotel.com/iletisim | https://www.citymoonlightapartotel.com/iletisim,source_visible_email_found,,,
2026-06-18T21:44:38Z,no_email,soloantalya.com,,,https://soloantalya.com,soloantalya.com,,,,1,https://solo-boutique-hotel.hotelrunner.com/bv3/search,no_source_visible_email,,,
2026-06-18T21:44:44Z,failed,leticiaapartotel.com,,,https://leticiaapartotel.com,leticiaapartotel.com,,,,0,,homepage_fetch_failed,,,
2026-06-18T21:44:45Z,found,thelittleprincehotel.com,,,https://thelittleprincehotel.com,thelittleprincehotel.com,info@thelittleprince.com,thelittleprincehotels@gmail.com;thelittleprinceotel@gmail.com;info@thelittleprince.com,https://thelittleprincehotel.com/index2.php,3,https://thelittleprincehotel.com/ | https://thelittleprincehotel.com/index3.php | https://thelittleprincehotel.com/index2.php,source_visible_email_found,,,
2026-06-18T21:44:51Z,failed,kulturpansiyon.net,,,https://kulturpansiyon.net,kulturpansiyon.net,,,,0,,homepage_fetch_failed,,,
2026-06-18T21:44:52Z,no_email,larahakanpansiyon.com,,,https://larahakanpansiyon.com,larahakanpansiyon.com,,,,1,http://larahakanpansiyon.com/,no_source_visible_email,,,
2026-06-18T21:44:57Z,found,losttowninnhotel.com,,,https://losttowninnhotel.com,losttowninnhotel.com,info@losttowninnhotel.com,info@losttowninnhotel.com,https://losttowninnhotel.com/,4,https://losttowninnhotel.com/ | https://losttowninnhotel.com/about | https://losttowninnhotel.com/contacts | https://losttowninnhotel.com/sustainable-policy,source_visible_email_found,,,
2026-06-18T21:45:04Z,found,cosysuitehotel.com,,,https://cosysuitehotel.com,cosysuitehotel.com,cosysuite@outlook.com,cosysuite@outlook.com,https://cosysuitehotel.com/,6,https://cosysuitehotel.com/ | https://cosysuitehotel.com/about/ | https://cosysuitehotel.com/contacts/ | https://cosysuitehotel.com/booking/ | https://cosysuitehotel.com/privacy-policy/ | https://cosysuitehotel.com/business-policy/,source_visible_email_found,,,
2026-06-18T21:45:08Z,found,mihotelboutique.com,,,https://mihotelboutique.com,mihotelboutique.com,605a7baede844d278b89dc95ae0a9123@sentry-next.wixpress.com,605a7baede844d278b89dc95ae0a9123@sentry-next.wixpress.com;8eb368c655b84e029ed79ad7a5c1718e@sentry.wixpress.com,https://www.mihotelboutique.com/,2,https://www.mihotelboutique.com/ | https://www.mihotelboutique.com/booking-engine,source_visible_email_found,,,
2026-06-18T21:45:14Z,failed,arslanbutik.com,,,https://arslanbutik.com,arslanbutik.com,,,,0,,homepage_fetch_failed,,,
2026-06-18T21:45:14Z,failed,nurerapartotel.com,,,https://nurerapartotel.com,nurerapartotel.com,,,,0,,homepage_fetch_failed,,,
2026-06-18T21:45:51Z,found,villacitronella.com.tr,,,https://villacitronella.com.tr,villacitronella.com.tr,info@villacitronella.com.tr,info@villacitronella.com.tr,https://villacitronella.com.tr/iletisim/,4,https://villacitronella.com.tr/ | https://villacitronella.com.tr/hakkimizda/ | https://villacitronella.com.tr/iletisim/ | https://villacitronella.com.tr/iletisim/,source_visible_email_found,,,
2026-06-18T21:46:04Z,failed,coralisresort.com,,,https://coralisresort.com,coralisresort.com,,,,0,,homepage_fetch_failed,,,
2026-06-18T21:46:04Z,found,thelifeco.com,,,https://thelifeco.com,thelifeco.com,info@thelifeco.com,info@thelifeco.com;bodrum@thelifeco.com;antalya@thelifeco.com;phuket@thelifeco.com;jobs@thelifeco.com;shop@thelifeco.com,https://www.thelifeco.com/en/,7,https://www.thelifeco.com/en/ | https://www.thelifeco.com/en/about-us/the-lifeco-testimonials/ | https://www.thelifeco.com/en/corporate-projects/ | https://www.thelifeco.com/en/about-us/ | https://www.thelifeco.com/en/about-us/contact-us/ | https://www.thelifeco.com/en/website-privacy-policy/ | https://www.thelifeco.com/en/cookie-policy/,source_visible_email_found,,,
2026-06-18T21:46:16Z,found,noasboutiquehotel.com,,,https://noasboutiquehotel.com,noasboutiquehotel.com,info@noasboutiquehotel.com,info@noasboutiquehotel.com,https://noasboutiquehotel.com/,8,https://noasboutiquehotel.com/ | https://noasboutiquehotel.com/tr/hakkimizda | https://noasboutiquehotel.com/tr/iletisim | https://noasboutiquehotel.com/tr/ | https://noasboutiquehotel.com/tr/kvkk-aydinlatma-metni | https://noasboutiquehotel.com/ | https://noasboutiquehotel.com/ | https://noasboutiquehotel.com/,source_visible_email_found,,,
2026-06-18T21:46:28Z,no_email,go2otel.com,,,https://go2otel.com,go2otel.com,,,,8,http://go2otel.com/ | http://go2otel.com/contact | http://go2otel.com/contact-us | http://go2otel.com/contacts | http://go2otel.com/iletisim | http://go2otel.com/ileti%C5%9Fim | http://go2otel.com/tr/iletisim | http://go2otel.com/tr/ileti%C5%9Fim,no_source_visible_email,,,
2026-06-18T21:46:31Z,failed,gigeskinghotel.com,,,https://gigeskinghotel.com,gigeskinghotel.com,,,,0,,homepage_fetch_failed,,,
2026-06-18T21:46:31Z,found,koskbutikotel.com,,,https://koskbutikotel.com,koskbutikotel.com,info@koskbutikotel.com,info@koskbutikotel.com,https://koskbutikotel.com/,6,https://koskbutikotel.com/ | https://www.koskbutikotel.com/tr/about | https://www.koskbutikotel.com/tr/contact | https://koskbutikotel.com/contact.php | https://koskbutikotel.com/about.php | https://koskbutikotel.com/tr/contact,source_visible_email_found,,,
2026-06-18T21:46:38Z,no_email,dervishsguesthouse.com,,,https://dervishsguesthouse.com,dervishsguesthouse.com,,,,1,https://www.dervishsguesthouse.com/,no_source_visible_email,,,
2026-06-18T21:46:47Z,found,davidsonboutiquehotel.com.tr,,,https://davidsonboutiquehotel.com.tr,davidsonboutiquehotel.com.tr,info@davidsonboutiquehotel.com.tr,info@davidsonboutiquehotel.com.tr,https://davidsonboutiquehotel.com.tr/,4,https://davidsonboutiquehotel.com.tr/ | https://davidsonboutiquehotel.com.tr/hakkimizda/ | https://davidsonboutiquehotel.com.tr/iletisim/ | http://davidsonboutiquehotel.com.tr/iletisim/,source_visible_email_found,,,
2026-06-18T21:49:39Z,failed,zeynelhotel.com.tr,,,https://zeynelhotel.com.tr,zeynelhotel.com.tr,,,,0,,homepage_fetch_failed,,,
2026-06-18T21:49:59Z,failed,comfortyshotelresortspa.com,,,https://comfortyshotelresortspa.com,comfortyshotelresortspa.com,,,,0,,homepage_fetch_failed,,,
2026-06-18T21:49:59Z,found,derinsuitotel.eatbu.com,,,https://derinsuitotel.eatbu.com,derinsuitotel.eatbu.com,derinotel07@gmail.com,derinotel07@gmail.com,https://derinsuitotel.eatbu.com/?lang=en,1,https://derinsuitotel.eatbu.com/?lang=en,source_visible_email_found,,,
2026-06-18T21:50:06Z,found,bluemarinahotel.com,,,https://bluemarinahotel.com,bluemarinahotel.com,reservation@bluemarinahotel.com,reservation@bluemarinahotel.com,http://www.bluemarinahotel.com/,4,http://www.bluemarinahotel.com/ | https://bluemarina-hotel.hotelrunner.com/bv3/search | http://www.bluemarinahotel.com/pages/about-us | http://www.bluemarinahotel.com/pages/contact,source_visible_email_found,,,
2026-06-18T21:50:12Z,found,antalyapmem.pol.tr,,,https://antalyapmem.pol.tr,antalyapmem.pol.tr,antalyapmem@egm.gov.tr,antalyapmem@egm.gov.tr,https://antalyapmem.pol.tr/iletisim,4,https://antalyapmem.pol.tr/ | https://antalyapmem.pol.tr/hakkimizda | https://antalyapmem.pol.tr/iletisim | https://antalyapmem.pol.tr/Hata/NotFound,source_visible_email_found,,,
2026-06-18T21:50:23Z,found,ringhotel.com.tr,,,https://ringhotel.com.tr,ringhotel.com.tr,reservation@ringhotel.com.tr,reservation@ringhotel.com.tr,http://www.ringhotel.com.tr/,3,http://www.ringhotel.com.tr/ | http://www.ringhotel.com.tr/pages/about-us | http://www.ringhotel.com.tr/pages/contact,source_visible_email_found,,,
2026-06-18T21:50:30Z,found,hotelsu.com.tr,,,https://hotelsu.com.tr,hotelsu.com.tr,info@hotelsu.com.tr,info@hotelsu.com.tr,https://www.hotelsu.com.tr/,1,https://www.hotelsu.com.tr/,source_visible_email_found,,,
2026-06-18T21:50:40Z,failed,hilton.com,,,https://hilton.com,hilton.com,,,,0,,homepage_fetch_failed,,,
2026-06-18T21:50:59Z,found,luckymonkeyhotel.com,,,https://luckymonkeyhotel.com,luckymonkeyhotel.com,fo@luckymonkeyhotel.com,fo@luckymonkeyhotel.com,https://www.luckymonkeyhotel.com/,1,https://www.luckymonkeyhotel.com/,source_visible_email_found,,,
2026-06-18T21:51:06Z,found,oldtownpointhotel.com,,,https://oldtownpointhotel.com,oldtownpointhotel.com,reservation@oldtownpointhotel.com,reservation@oldtownpointhotel.com,https://oldtownpointhotel.com/,4,https://oldtownpointhotel.com/ | https://oldtownpointhotel.com/about.html | https://oldtownpointhotel.com/contact.html | https://oldtownpointhotel.com/privacy.html,source_visible_email_found,,,
2026-06-18T21:51:11Z,found,bbusinesshotel.com,,,https://bbusinesshotel.com,bbusinesshotel.com,reservation@bbusinesshotel.com,reservation@bbusinesshotel.com,https://bbusinesshotel.com/,4,https://bbusinesshotel.com/ | https://www.bbusinesshotel.com/hakkimizda.php | https://www.bbusinesshotel.com/iletisim.php | https://www.bbusinesshotel.com/reservation.php,source_visible_email_found,,,
2026-06-18T21:51:22Z,found,adonishotel.com,,,https://adonishotel.com,adonishotel.com,sales@adonishotel.com,reservation@adonishotel.com.tr;adonis@adonishotel.com;sales@adonishotel.com,https://www.adonishotel.com/tr/mesafeli-satis-sozlesmesi,5,https://www.adonishotel.com/ | https://www.adonishotel.com/tr/iletisim-konum | https://www.adonishotel.com/tr/kvkk | https://www.adonishotel.com/tr/hizmet-satis-sozlesmesi | https://www.adonishotel.com/tr/mesafeli-satis-sozlesmesi,source_visible_email_found,,,
2026-06-18T21:51:37Z,found,elipsroyal.com,,,https://elipsroyal.com,elipsroyal.com,info@elipsroyal.com,info@elipsroyal.com,https://elipsroyal.com/,6,https://elipsroyal.com/ | https://elipsroyal.com/index.php | https://www.elipsroyal.com?404 | https://www.elipsroyal.com?404 | https://www.elipsroyal.com?404 | https://www.elipsroyal.com?404,source_visible_email_found,,,
2026-06-18T21:51:49Z,failed,bluegardenhotel.com,,,https://bluegardenhotel.com,bluegardenhotel.com,,,,0,,homepage_fetch_failed,,,
2026-06-18T21:51:49Z,found,tema242hotel.com,,,https://tema242hotel.com,tema242hotel.com,info@tema242hotel.com,info@tema242hotel.com;605a7baede844d278b89dc95ae0a9123@sentry-next.wixpress.com;dd0a55ccb8124b9c9d938e3acf41f8aa@sentry.wixpress.com;c183baa23371454f99f417f6616b724d@sentry.wixpress.com;9a65e97ebe8141fca0c4fd686f70996b@sentry.wixpress.com;460ff4620fa44cba8df530afde949785@sentry.wixpress.com;ed436f5053144538958ad06a5005e99a@sentry.wixpress.com;18d2f96d279149989b95faf0a4b41882@sentry-next.wixpress.com;1eeb89147c984dc6bc3ffafd9e6cd089@sentry.wixpress.com;2062d0a4929b45348643784b5cb39c36@sentry.wixpress.com;78f7996315bc402f9dcb8a2f974b82d1@sentry.wixpress.com;8eb368c655b84e029ed79ad7a5c1718e@sentry.wixpress.com;bfb679c754744c58a7374ee6e25cfc13@sentry.wixpress.com;271e9fa3230b4eec94b02bf95780f5f2@sentry.wixpress.com;5d1795a2db124a268f1e1bd88f503500@sentry.wixpress.com;rezervasyon@tema242hotel.com;ornek@sitem.com,https://www.tema242hotel.com/,3,https://www.tema242hotel.com/ | https://www.tema242hotel.com/hakk%C4%B1m%C4%B1zda | https://www.tema242hotel.com/i%CC%87leti%C5%9Fim,source_visible_email_found,,,
2026-06-18T21:51:54Z,found,skybusinesshotel.com,,,https://skybusinesshotel.com,skybusinesshotel.com,info@skybusinesshotel.com,info@skybusinesshotel.com;rezervasyon@skybusinesshotel.com;banketsatis@skybusinesshotel.com;kvkk@skybusinesshotel.com,http://skybusinesshotel.com/,4,http://skybusinesshotel.com/ | http://skybusinesshotel.com/about-us.html | http://skybusinesshotel.com/contact.html | http://skybusinesshotel.com/kvkk.html,source_visible_email_found,,,
2026-06-18T21:51:59Z,found,latanyapalm.com,,,https://latanyapalm.com,latanyapalm.com,reservation@latanyapalm.com,reservation@latanyapalm.com;sales@latanyapalm.com;gm@latanyapalm.com,https://www.latanyapalm.com/tr,8,https://www.latanyapalm.com/tr | https://www.latanyapalm.com/tr/kurumsal/hakkimizda.html | https://www.latanyapalm.com/tr/kurumsal/misyon-vizyon.html | https://www.latanyapalm.com/tr/kurumsal/kalite-politikamiz.html | https://www.latanyapalm.com/tr/kurumsal/sertifikalarimiz.html | https://www.latanyapalm.com/tr/iletisim.html | https://www.latanyapalm.com/tr/kurumsal | https://www.latanyapalm.com/tr/kvkk/surdurulebilirlik.html,source_visible_email_found,,,
2026-06-18T21:52:05Z,found,kristalhotel.com.tr,,,https://kristalhotel.com.tr,kristalhotel.com.tr,info@kristalhotel.com.tr,info@kristalhotel.com.tr;605a7baede844d278b89dc95ae0a9123@sentry-next.wixpress.com;18d2f96d279149989b95faf0a4b41882@sentry-next.wixpress.com;8eb368c655b84e029ed79ad7a5c1718e@sentry.wixpress.com;5d1795a2db124a268f1e1bd88f503500@sentry.wixpress.com,https://www.kristalhotel.com.tr/,2,https://www.kristalhotel.com.tr/ | https://www.kristalhotel.com.tr/about,source_visible_email_found,,,
2026-06-18T21:52:13Z,no_email,exporoyalhotel.com,,,https://exporoyalhotel.com,exporoyalhotel.com,,,,8,https://exporoyalhotel.com/ | https://exporoyalhotel.com/contact | https://exporoyalhotel.com/contact-us | https://exporoyalhotel.com/contacts | https://exporoyalhotel.com/iletisim | https://exporoyalhotel.com/ileti%C5%9Fim | https://exporoyalhotel.com/tr/iletisim | https://exporoyalhotel.com/tr/ileti%C5%9Fim,no_source_visible_email,,,
2026-06-18T21:52:17Z,no_email,antalyabusinesshotel.com,,,https://antalyabusinesshotel.com,antalyabusinesshotel.com,,,,2,https://www.antalyabusinesshotel.com/ | https://www.antalyabusinesshotel.com/antalya-business-hotel/tr/iletisim,no_source_visible_email,,,
2026-06-18T21:52:30Z,found,anellihotel.com,,,https://anellihotel.com,anellihotel.com,info@anellihotel.com,info@anellihotel.com,https://anellihotel.com/,4,https://anellihotel.com/ | https://www.anellihotel.com/hakkimizda.php | https://www.anellihotel.com/iletisim.php | https://www.anellihotel.com/reservation.php,source_visible_email_found,,,
2026-06-18T21:52:39Z,found,ayhanhotel.com.tr,,,https://ayhanhotel.com.tr,ayhanhotel.com.tr,rezervasyon@ayhanhotel.com.tr,rezervasyon@ayhanhotel.com.tr,https://www.ayhanhotel.com.tr/,4,https://www.ayhanhotel.com.tr/ | https://www.ayhanhotel.com.tr/pages/about | https://www.ayhanhotel.com.tr/pages/contact | https://www.ayhanhotel.com.tr/pages/privacy-policy,source_visible_email_found,,,
2026-06-18T21:52:46Z,no_email,ruinadalia.com.tr,,,https://ruinadalia.com.tr,ruinadalia.com.tr,,,,1,https://ruinadalia.com.tr/,no_source_visible_email,,,
2026-06-18T21:52:52Z,failed,derinnlara.com.tr,,,https://derinnlara.com.tr,derinnlara.com.tr,,,,0,,homepage_fetch_failed,,,
2026-06-18T21:53:29Z,found,comfortbasaranotel.com,,,https://comfortbasaranotel.com,comfortbasaranotel.com,comfortbasaranotel@outlook.com,comfortbasaranotel@outlook.com,https://comfortbasaranotel.com/,5,https://comfortbasaranotel.com/ | https://comfortbasaranotel.com/contacts/ | https://comfortbasaranotel.com/about/ | https://comfortbasaranotel.com/booking/ | https://comfortbasaranotel.com/contacts/,source_visible_email_found,,,
2026-06-18T21:53:33Z,found,sevencityhotel.com,,,https://sevencityhotel.com,sevencityhotel.com,info@sevencityhotel.com,info@sevencityhotel.com,https://www.sevencityhotel.com/,8,https://www.sevencityhotel.com/ | https://www.sevencityhotel.com/categories-hakkimizda | https://www.sevencityhotel.com/cmscorporate-iletisim | https://www.sevencityhotel.com/product-aile-odasi | https://www.sevencityhotel.com/product-iki-yatakli-uc-kisilik-oda | https://www.sevencityhotel.com/product-cift-kisilik-oda | https://www.sevencityhotel.com/product-tek-kisilik-oda | https://www.sevencityhotel.com/cms-kvkk-aydinlatma-metni,source_visible_email_found,,,
2026-06-18T21:53:42Z,found,reohotel.com,,,https://reohotel.com,reohotel.com,sales@reohotel.com,sales@reohotel.com,https://www.reohotel.com/,8,https://www.reohotel.com/ | https://reohotel.com/hakkimizda&lang=tr | https://reohotel.com/rezervasyon_onay_ve_sure_bilgisi&lang=tr | https://reohotel.com/misafir-aydinlatma-metni&lang=tr | https://reohotel.com/mesafeli-satis-sozlesmesi&lang=tr | https://www.reohotel.com/iletisim&lang=tr | https://www.reohotel.com/contact | https://www.reohotel.com/contact-us,source_visible_email_found,,,
2026-06-18T21:53:47Z,found,hotellapaloma.com,,,https://hotellapaloma.com,hotellapaloma.com,info@hotellapaloma.com,info@hotellapaloma.com,https://www.hotellapaloma.com/,5,https://www.hotellapaloma.com/ | https://www.hotellapaloma.com/hakkimizda/ | https://www.hotellapaloma.com/iletisim/ | https://www.hotellapaloma.com/iletisim/ | https://www.hotellapaloma.com/iletisim,source_visible_email_found,,,
2026-06-18T21:54:03Z,no_email,seacitydevranhotel.com,,,https://seacitydevranhotel.com,seacitydevranhotel.com,,,,1,https://seacitydevranhotel.com/tr/,no_source_visible_email,,,
2026-06-18T21:54:09Z,no_email,ahsenotel.com,,,https://ahsenotel.com,ahsenotel.com,,,,1,https://ahsenotel.com/,no_source_visible_email,,,
2026-06-18T21:54:13Z,failed,mimozapansiyon.com.tr,,,https://mimozapansiyon.com.tr,mimozapansiyon.com.tr,,,,0,,homepage_fetch_failed,,,
2026-06-18T21:54:14Z,found,lemonhotel.com,,,https://lemonhotel.com,lemonhotel.com,info@lemonhotel.com,info@lemonhotel.com,https://lemonhotel.com/iletisim,8,https://lemonhotel.com/ | https://lemonhotel.com/hakkimizda | https://lemonhotel.com/iletisim | https://lemonhotel.com/contact | https://lemonhotel.com/contact-us | https://lemonhotel.com/contacts | https://lemonhotel.com | https://lemonhotel.com,source_visible_email_found,,,
2026-06-18T21:54:19Z,found,meraparkotel.com,,,https://meraparkotel.com,meraparkotel.com,meraparkhotel@hotmail.com,meraparkhotel@hotmail.com,https://www.meraparkotel.com/,1,https://www.meraparkotel.com/,source_visible_email_found,,,
2026-06-18T21:54:25Z,failed,thewisehotelspa.com,,,https://thewisehotelspa.com,thewisehotelspa.com,,,,0,,homepage_fetch_failed,,,
2026-06-18T21:55:06Z,failed,grandnergizotel.com,,,https://grandnergizotel.com,grandnergizotel.com,,,,0,,homepage_fetch_failed,,,
2026-06-18T21:55:06Z,found,trendparkhotel.com,,,https://trendparkhotel.com,trendparkhotel.com,info@trendparkhotel.com,info@trendparkhotel.com;sales@trendparkhotel.com,https://trendparkhotel.com/,4,https://trendparkhotel.com/ | https://trendparkhotel.com/hakkimizda | https://trendparkhotel.com/iletisim | https://trendparkhotel.com/kvkk,source_visible_email_found,,,
2026-06-18T21:55:12Z,found,kivrakotel.com,,,https://kivrakotel.com,kivrakotel.com,info@kivrakotel.com,info@kivrakotel.com,https://kivrakotel.com/,7,https://kivrakotel.com/ | https://kivrakotel.com/index.php | https://www.kivrakotel.com?404 | https://www.kivrakotel.com?404 | https://www.kivrakotel.com?404 | https://www.kivrakotel.com?404 | https://www.kivrakotel.com?404,source_visible_email_found,,,
2026-06-18T21:55:20Z,no_email,canadalyapalace.com,,,https://canadalyapalace.com,canadalyapalace.com,,,,1,https://canadalyapalace.com/,no_source_visible_email,,,
2026-06-18T21:55:27Z,failed,myhomegulluk.com,,,https://myhomegulluk.com,myhomegulluk.com,,,,0,,homepage_fetch_failed,,,
2026-06-18T21:55:47Z,no_email,hotelguleryuz.com,,,https://hotelguleryuz.com,hotelguleryuz.com,,,,8,https://hotelguleryuz.com/ | https://hotelguleryuz.com/contact | https://hotelguleryuz.com/contact-us | https://hotelguleryuz.com/contacts | https://hotelguleryuz.com/iletisim | https://hotelguleryuz.com/ileti%C5%9Fim | https://hotelguleryuz.com/tr/iletisim | https://hotelguleryuz.com/tr/ileti%C5%9Fim,no_source_visible_email,,,
2026-06-18T21:55:51Z,found,mutado.com.tr,,,https://mutado.com.tr,mutado.com.tr,rezervasyon@mutado.com.tr,rezervasyon@mutado.com.tr,https://mutado.com.tr/Iletisim,4,https://mutado.com.tr/ | https://mutado.com.tr/Iletisim | https://mutado.com.tr/Evinizde-hissedin | https://mutado.com.tr/iletisim,source_visible_email_found,,,
2026-06-18T21:55:57Z,found,loft1502.com,,,https://loft1502.com,loft1502.com,info@loft1502.com,info@loft1502.com,https://www.loft1502.com/tr,8,https://www.loft1502.com/tr | https://www.loft1502.com/tr/about | https://www.loft1502.com/tr/contact | https://www.loft1502.com/tr/kvkk | https://www.loft1502.com/tr/privacy-policy | https://www.loft1502.com/tr/policy | https://www.loft1502.com/tr/sustainability-policy | https://www.loft1502.com/tr,source_visible_email_found,,,
2026-06-18T21:56:09Z,found,babilotel.com,,,https://babilotel.com,babilotel.com,info@babilotel.com,info@babilotel.com,https://babilotel.com/,8,https://babilotel.com/ | https://babilotel.com/about | https://babilotel.com/contact | https://babilotel.com/book | https://babilotel.com/rooms/standart-economy | https://babilotel.com/rooms/comfort-double | https://babilotel.com/rooms/standart-triple | https://babilotel.com/rooms/deluxe,source_visible_email_found,,,
2026-06-18T21:56:16Z,found,zeniaotel.com,,,https://zeniaotel.com,zeniaotel.com,info@zeniaotel.com,info@zeniaotel.com,https://zeniaotel.com/,6,https://zeniaotel.com/ | https://zeniaotel.com/zenia-hotel-hakkinda/ | https://zeniaotel.com/hakkimizda/ | https://zeniaotel.com/iletisim/ | https://zeniaotel.com/contact/ | https://zeniaotel.com/iletisim/,source_visible_email_found,,,
2026-06-18T21:56:46Z,found,kritihotel.com.tr,,,https://kritihotel.com.tr,kritihotel.com.tr,info@kritihotel.com.tr,info@kritihotel.com.tr,https://www.kritihotel.com.tr/,3,https://www.kritihotel.com.tr/ | https://www.kritihotel.com.tr/pages/about | https://www.kritihotel.com.tr/pages/contact,source_visible_email_found,,,
2026-06-18T21:56:52Z,no_email,grand-antalya-hotel.com.es,,,https://grand-antalya-hotel.com.es,grand-antalya-hotel.com.es,,,,1,https://hotelmania.net/hotel/antalya/grand-antalya-hotel/,no_source_visible_email,,,
2026-06-18T21:56:59Z,found,gunduzotel.com,,,https://gunduzotel.com,gunduzotel.com,info@gunduzotel.com,info@gunduzotel.com,https://gunduzotel.com/,8,https://gunduzotel.com/ | https://gunduzotel.com/hakkimizda/ | https://gunduzotel.com/misafir-yorumlari/ | https://gunduzotel.com/ru/%D0%B1%D0%BB%D0%BE%D0%B3/ | https://gunduzotel.com/iletisim/ | https://gunduzotel.com/en/contact-us/ | https://gunduzotel.com/en/account/ | https://gunduzotel.com/en/contact-us/,source_visible_email_found,,,
2026-06-18T21:57:09Z,found,antalyarezidans.com,,,https://antalyarezidans.com,antalyarezidans.com,info@antalyarezidans.com,info@antalyarezidans.com,https://www.antalyarezidans.com/tr/,4,https://www.antalyarezidans.com/tr/ | https://www.antalyarezidans.com/tr/sayfa/hakkimizda/ | https://www.antalyarezidans.com/tr/sayfa/kvkk/ | https://www.antalyarezidans.com/tr/sayfa/iletisim/,source_visible_email_found,,,
2026-06-18T21:57:19Z,found,audolocal.com,,,https://audolocal.com,audolocal.com,info@audostudiohotel.com,info@audostudiohotel.com,https://audolocal.com/,5,https://audolocal.com/ | https://audolocal.com/iletisim/ | https://audolocal.com/otelimiz/ | https://audolocal.com/iletisim/ | https://audolocal.com/iletisim/,source_visible_email_found,,,
2026-06-18T21:57:31Z,failed,antalyabnbhotel.com,,,https://antalyabnbhotel.com,antalyabnbhotel.com,,,,0,,homepage_fetch_failed,,,
2026-06-18T21:57:32Z,failed,falcon1511.com,,,https://falcon1511.com,falcon1511.com,,,,0,,homepage_fetch_failed,,,
2026-06-18T21:57:32Z,no_email,behramhotelantalya.net,,,https://behramhotelantalya.net,behramhotelantalya.net,,,,8,https://www.behramhotelantalya.net/ | https://www.behramhotelantalya.net/contact | https://www.behramhotelantalya.net/contact-us | https://www.behramhotelantalya.net/contacts | https://www.behramhotelantalya.net/iletisim | https://www.behramhotelantalya.net/ileti%C5%9Fim | https://www.behramhotelantalya.net/tr/iletisim | https://www.behramhotelantalya.net/tr/ileti%C5%9Fim,no_source_visible_email,,,
2026-06-18T21:57:38Z,found,inthemiddle.com.tr,,,https://inthemiddle.com.tr,inthemiddle.com.tr,info@inthemiddle.com.tr,info@inthemiddle.com.tr,https://inthemiddle.com.tr/,8,https://inthemiddle.com.tr/ | https://inthemiddle.com.tr/sayfa/hakkimizda.html | https://inthemiddle.com.tr/iletisim.html | https://inthemiddle.com.tr/sayfa/mesafeli-satis-sozlesmesi.html | https://inthemiddle.com.tr/contact | https://inthemiddle.com.tr/contact-us | https://inthemiddle.com.tr/contacts | https://inthemiddle.com.tr/iletisim,source_visible_email_found,,,
2026-06-18T21:57:44Z,no_email,primaotel.com,,,https://primaotel.com,primaotel.com,,,,1,https://www.primaotel.com/,no_source_visible_email,,,
2026-06-18T21:57:50Z,found,audostudio.tr,,,https://audostudio.tr,audostudio.tr,info@audostudiohotel.com,info@audostudiohotel.com,https://audostudio.tr/,5,https://audostudio.tr/ | https://audostudio.tr/iletisim/ | https://audostudio.tr/otelimiz/ | https://audostudio.tr/iletisim/ | https://audostudio.tr/iletisim/,source_visible_email_found,,,
2026-06-18T21:58:06Z,found,74otel.com,,,https://74otel.com,74otel.com,ornek@email.com,1974hotelsales@gmail.com;ornek@email.com,https://74otel.com/iletisim/,4,https://74otel.com/ | https://74otel.com/hakkimizda/ | https://74otel.com/iletisim/ | https://74otel.com/iletisim/,source_visible_email_found,,,
2026-06-18T21:58:17Z,found,modaotel.com,,,https://modaotel.com,modaotel.com,info@modaotel.com,info@modaotel.com,https://modaotel.com/,8,https://modaotel.com/ | https://modaotel.com/sayfa/who-are-we.html | https://modaotel.com/iletisim.html | https://modaotel.com/rezervasyon.html | https://modaotel.com/404.html | https://modaotel.com/contact | https://modaotel.com/contact-us | https://modaotel.com/contacts,source_visible_email_found,,,
2026-06-18T21:58:22Z,failed,gurtashotel.com.tr,,,https://gurtashotel.com.tr,gurtashotel.com.tr,,,,0,,homepage_fetch_failed,,,
2026-06-18T21:58:59Z,found,minyonhotel.com,,,https://minyonhotel.com,minyonhotel.com,info@minyonhotel.com,info@minyonhotel.com,https://www.minyonhotel.com/,6,https://www.minyonhotel.com/ | https://www.minyonhotel.com/pages/about | https://www.minyonhotel.com/pages/contact | https://www.minyonhotel.com/pages/kvkk | https://www.minyonhotel.com/bv3/search | https://www.minyonhotel.com/pages/mesafeli-sat-sozlemesi,source_visible_email_found,,,
2026-06-18T21:59:05Z,failed,hadriangatehotel.com,,,https://hadriangatehotel.com,hadriangatehotel.com,,,,0,,homepage_fetch_failed,,,
2026-06-18T21:59:07Z,failed,cevikpalacehotel.com,,,https://cevikpalacehotel.com,cevikpalacehotel.com,,,,0,,homepage_fetch_failed,,,
2026-06-18T21:59:08Z,no_email,kartal-hotel.antalyahotelz.com,,,https://kartal-hotel.antalyahotelz.com,kartal-hotel.antalyahotelz.com,,,,2,http://kartal-hotel.antalyahotelz.com/ | http://kartal-hotel.antalyahotelz.com/#contact,no_source_visible_email,,,
2026-06-18T21:59:13Z,failed,hoteldestill.com,,,https://hoteldestill.com,hoteldestill.com,,,,0,,homepage_fetch_failed,,,
2026-06-18T21:59:14Z,found,efezadeotel.com,,,https://efezadeotel.com,efezadeotel.com,info@efezadeotel.com,info@efezadeotel.com,https://efezadeotel.com/iletisim/,5,https://efezadeotel.com/ | https://efezadeotel.com/hakkimizda/ | https://efezadeotel.com/iletisim/ | https://efezadeotel.com/hakkimizda/ | https://efezadeotel.com/iletisim/,source_visible_email_found,,,
2026-06-18T21:59:32Z,no_email,nurerkizaparti.com,,,https://nurerkizaparti.com,nurerkizaparti.com,,,,1,https://nurerkizaparti.com/,no_source_visible_email,,,
2026-06-18T21:59:39Z,found,antalyahamamsaunaspa.com,,,https://antalyahamamsaunaspa.com,antalyahamamsaunaspa.com,i̇nfo@siteadi.com,i̇nfo@siteadi.com,https://antalyahamamsaunaspa.com/,6,https://antalyahamamsaunaspa.com/ | https://antalyahamamsaunaspa.com/hakkimizda | https://antalyahamamsaunaspa.com/iletisim | https://antalyahamamsaunaspa.com/contact | https://antalyahamamsaunaspa.com/contact-us | https://antalyahamamsaunaspa.com/contacts,source_visible_email_found,,,
2026-06-18T21:59:45Z,found,paschabay.hotelagent.com,,,https://paschabay.hotelagent.com,paschabay.hotelagent.com,callcenter@tuihotels.com.tr,callcenter@tuihotels.com.tr,https://paschabay.hotelagent.com/en,8,https://paschabay.hotelagent.com/en | https://paschabay.hotelagent.com/en/aboutUs | https://paschabay.hotelagent.com/en/contact | https://paschabay.hotelagent.com/en/hotel/tui-blue-pascha-bay/aboutUs | https://paschabay.hotelagent.com/en/hotel/tui-blue-pascha-bay/contact | https://paschabay.hotelagent.com/en | https://paschabay.hotelagent.com/en/hotel/tui-blue-pascha-bay/cookie-policy | https://paschabay.hotelagent.com/en/contact,source_visible_email_found,,,
2026-06-18T21:59:55Z,found,karanix.com,,,https://karanix.com,karanix.com,info@karanix.com,admin@karanix.com;info@karanix.com;dr.rakibulislammridha@gmail.com,https://karanix.com/,2,https://karanix.com/ | https://karanix.com/contact-us,source_visible_email_found,,,
2026-06-18T22:00:11Z,no_email,ihg.com,,,https://ihg.com,ihg.com,,,,7,https://www.ihg.com/hotels/us/en/reservation | https://www.ihg.com/content/us/en/about/brands | https://www.ihg.com/hotels/us/en/stay-mgmt/ManageYourStay | https://www.ihg.com/avidhotels/hotels/us/en/reservation | https://www.ihg.com/atwellsuites/hotels/us/en/reservation | https://www.ihg.com/staybridge/hotels/us/en/reservation | https://www.ihg.com/holidayinnclubvacations/hotels/us/en/reservation,no_source_visible_email,,,
2026-06-18T22:00:17Z,found,mirahotelantalya.com,,,https://mirahotelantalya.com,mirahotelantalya.com,info@mirahotelantalya.com,info@mirahotelantalya.com,https://mirahotelantalya.com/,3,https://mirahotelantalya.com/ | https://mirahotelantalya.com/iletisim | https://reservation.mirahotelantalya.com/,source_visible_email_found,,,
2026-06-18T22:00:34Z,found,leslionhotel.com,,,https://leslionhotel.com,leslionhotel.com,info@leslionhotel.com,info@leslionhotel.com;hayriye@thesuiteaparthotel.com,https://leslionhotel.com/,8,https://leslionhotel.com/ | https://leslionhotel.com/hakkimizda | https://leslionhotel.com/musteri-galeri | https://leslionhotel.com/sayfa-misafirlerimiz-den-gelen-yorumlar-73 | https://leslionhotel.com/iletisim | https://leslionhotel.com/mesafeli-satis-sozlesmesi.php | https://leslionhotel.com/404.php | https://leslionhotel.com/404.php,source_visible_email_found,,,
2026-06-18T22:00:47Z,no_email,essejovenhotel.com,,,https://essejovenhotel.com,essejovenhotel.com,,,,8,http://essejovenhotel.com/ | http://essejovenhotel.com/contact | http://essejovenhotel.com/contact-us | http://essejovenhotel.com/contacts | http://essejovenhotel.com/iletisim | http://essejovenhotel.com/ileti%C5%9Fim | http://essejovenhotel.com/tr/iletisim | http://essejovenhotel.com/tr/ileti%C5%9Fim,no_source_visible_email,,,
2026-06-18T22:00:51Z,found,housefivehotel.com,,,https://housefivehotel.com,housefivehotel.com,feedback@istudiosg.com,feedback@istudiosg.com,https://prediksisgppools.com/,1,https://prediksisgppools.com/,source_visible_email_found,,,
2026-06-18T22:01:03Z,failed,deluxeersoy.com,,,https://deluxeersoy.com,deluxeersoy.com,,,,0,,homepage_fetch_failed,,,
2026-06-18T22:01:03Z,found,peacockgroup.org,,,https://peacockgroup.org,peacockgroup.org,info@peacockgroup.org,info@peacockgroup.org,https://peacockgroup.org/,1,https://peacockgroup.org/,source_visible_email_found,,,
2026-06-18T22:01:12Z,found,houseofgoodthings.com,,,https://houseofgoodthings.com,houseofgoodthings.com,reservation@houseofgoodthings.com,reservation@houseofgoodthings.com,https://houseofgoodthings.com/,7,https://houseofgoodthings.com/ | https://houseofgoodthings.com/contacts/ | https://houseofgoodthings.com/guest-account/ | https://houseofgoodthings.com/about/ | https://houseofgoodthings.com/booking/ | https://houseofgoodthings.com/privacy-policy/ | https://houseofgoodthings.com/business-policy/,source_visible_email_found,,,
2026-06-18T22:01:16Z,found,pergepinegreen.com,,,https://pergepinegreen.com,pergepinegreen.com,info@pergepinegreen.com,info@pergepinegreen.com;lanthe.turizm@hs01.kep.tr;info@capdpergehotels.com,https://www.pergepinegreen.com/,4,https://www.pergepinegreen.com/ | https://www.pergepinegreen.com/tr/iletisim | https://www.pergepinegreen.com/tr/booking | https://www.pergepinegreen.com/tr/kvkk,source_visible_email_found,,,
2026-06-18T22:01:29Z,failed,altunpansiyonantalya.com.tr,,,https://altunpansiyonantalya.com.tr,altunpansiyonantalya.com.tr,,,,0,,homepage_fetch_failed,,,
2026-06-18T22:01:30Z,no_email,nezih-suits.hotelrunner.com,,,https://nezih-suits.hotelrunner.com,nezih-suits.hotelrunner.com,,,,1,https://app.hotelrunner.com/login,no_source_visible_email,,,
2026-06-18T22:01:36Z,failed,theninova.com,,,https://theninova.com,theninova.com,,,,0,,homepage_fetch_failed,,,
2026-06-18T22:01:38Z,failed,turkmia.org,,,https://turkmia.org,turkmia.org,,,,0,,homepage_fetch_failed,,,
2026-06-18T22:02:14Z,found,threegateshotel.com,,,https://threegateshotel.com,threegateshotel.com,info@threegateshotel.com,info@ciceronelodgehotel.com;info@threegateshotel.com,https://threegateshotel.com/contact/,4,https://threegateshotel.com/ | https://threegateshotel.com/about-us/ | https://threegateshotel.com/contact/ | https://threegateshotel.com/contact/,source_visible_email_found,,,
2026-06-18T22:02:26Z,no_email,palmerahousehotel.com,,,https://palmerahousehotel.com,palmerahousehotel.com,,,,8,https://palmerahousehotel.com/ | https://palmerahousehotel.com/contact | https://palmerahousehotel.com/privacy | https://palmerahousehotel.com/content_policy | https://palmerahousehotel.com/ | https://palmerahousehotel.com/ | https://palmerahousehotel.com/ | https://palmerahousehotel.com/,no_source_visible_email,,,
2026-06-18T22:02:32Z,found,antalyaspor.com.tr,,,https://antalyaspor.com.tr,antalyaspor.com.tr,info@antalyaspor.com.tr,info@antalyaspor.com.tr,https://www.antalyaspor.com.tr/tr/iletisim.html,8,https://www.antalyaspor.com.tr/tr | https://www.antalyaspor.com.tr/tr/kurumsal/tarihcemiz.html | https://www.antalyaspor.com.tr/tr/kurumsal/kurumsal-kimlik.html | https://www.antalyaspor.com.tr/tr/kurumsal/baskanlarimiz.html | https://www.antalyaspor.com.tr/tr | https://www.antalyaspor.com.tr/tr/iletisim.html | https://www.antalyaspor.com.tr/tr | https://www.antalyaspor.com.tr/tr,source_visible_email_found,,,
2026-06-18T22:02:40Z,failed,sayekonakhotel.com,,,https://sayekonakhotel.com,sayekonakhotel.com,,,,0,,homepage_fetch_failed,,,
2026-06-18T22:03:16Z,found,mervanaclubhotel.com,,,https://mervanaclubhotel.com,mervanaclubhotel.com,info@mervanaclubhotel.com,info@mervanaclubhotel.com,https://mervanaclubhotel.com/,4,https://mervanaclubhotel.com/ | https://mervanaclubhotel.com/hakkimizda | https://mervanaclubhotel.com/iletisim | https://mervanaclubhotel.com/hizmetler/kvkk,source_visible_email_found,,,
2026-06-18T22:03:24Z,failed,oldieshotel.com,,,https://oldieshotel.com,oldieshotel.com,,,,0,,homepage_fetch_failed,,,
2026-06-18T22:03:24Z,no_email,rolestreethostel.com,,,https://rolestreethostel.com,rolestreethostel.com,,,,1,https://rolestreethostel.com/,no_source_visible_email,,,
2026-06-18T22:03:30Z,found,beboldhostel.com,,,https://beboldhostel.com,beboldhostel.com,info@beboldhostel.com,info@beboldhostel.com,https://beboldhostel.com/contact/,7,https://beboldhostel.com/ | https://beboldhostel.com/about-us/ | https://beboldhostel.com/contact/ | https://beboldhostel.com/group-booking-form/ | https://beboldhostel.com/booking/ | https://beboldhostel.com/privacy-policy/ | https://beboldhostel.com/contact/,source_visible_email_found,,,
2026-06-18T22:03:39Z,no_email,ghs.channex.io,,,https://ghs.channex.io,ghs.channex.io,,,,8,https://ghs.channex.io/ | https://ghs.channex.io/contact | https://ghs.channex.io/contact-us | https://ghs.channex.io/contacts | https://ghs.channex.io/iletisim | https://ghs.channex.io/ileti%C5%9Fim | https://ghs.channex.io/tr/iletisim | https://ghs.channex.io/tr/ileti%C5%9Fim,no_source_visible_email,,,
2026-06-18T22:03:45Z,found,teias.gov.tr,,,https://teias.gov.tr,teias.gov.tr,1grupmd@teias.gov.tr,1grupmd@teias.gov.tr;teias1.bolgemudurlugu@hs01.kep.tr;10grupmd@teias.gov.tr;teias10bolge@hs01.kep.tr;11bolge.mudurlugu@teias.gov.tr;teias.11bolgemd@hs01.kep.tr;12grupmd@teias.gov.tr;teias.12bolgemudurlugu@hs01.kep.tr;13grupmd@teias.gov.tr;teias.13bolgemd@hs01.kep.tr;14grupmd@teias.gov.tr;teias14.bolge@hs01.kep.tr;15grupmd@teias.gov.tr;teias.15bolge@hs01.kep.tr;16grupmd@teias.gov.tr;teias.16bolge@hs01.kep.tr;17grupmd@teias.gov.tr;teias17bolgemd@hs01.kep.tr;18bolgemd@teias.gov.tr;teias.18bolge@hs01.kep.tr;19grupmd@teias.gov.tr;teias.19bolge@hs01.kep.tr;2grupmd@teias.gov.tr;teias.2bolge@hs01.kep.tr;20grupmd@teias.gov.tr;teias.20bolge@hs01.kep.tr;21grupmd@teias.gov.tr;teias.21bolge@hs01.kep.tr;22grupmd@teias.gov.tr;teias.22bolgemudurlugu@hs01.kep.tr;3grupmd@teias.gov.tr;teias.3bolgemd@hs01.kep.tr;4grupmd@teias.gov.tr;teias.4bolge@hs01.kep.tr;5grupmd@teias.gov.tr;teias.5bolgemd@hs01.kep.tr;6grupmd@teias.gov.tr;teias.6bolgemd@hs01.kep.tr;7grupmd@teias.gov.tr;teias7.bolgemudurlugu@hs01.kep.tr;8grupmd@teias.gov.tr;teias.8bolge@hs01.kep.tr;9grupmd@teias.gov.tr;teias.9bolge@hs01.kep.tr;teias@hs01.kep.tr;teias.kuzeybatiyuktevzi@hs01.kep.tr;teias.batianadoluytm@hs01.kep.tr;teias.okytm@hs01.kep.tr;teias.gdaytm@hs01.kep.tr;teias.trakyaytm@hs01.kep.tr;teias.doguanadoluytm@hs01.kep.tr;teias.doguakdenizytm@hs01.kep.tr;teias.batiakdenizytm@hs01.kep.tr;teias.eklim@hs01.kep.tr;teias.golsosislmud@hs01.kep.tr;teiasguctrafolarionarim@hs01.kep.tr;teiassoma@hs01.kep.tr;u003eteias.2bolge@hs01.kep.tr;u003eteias.3bolgemd@hs01.kep.tr;u003eteias.4bolge@hs01.kep.tr;u003eteias.5bolgemd@hs01.kep.tr;u003eteias.6bolgemd@hs01.kep.tr;u003eteias.8bolge@hs01.kep.tr;u003eteias.9bolge@hs01.kep.tr;u003eteias10bolge@hs01.kep.tr;u003eteias.11bolgemd@hs01.kep.tr;u003eteias.12bolgemudurlugu@hs01.kep.tr;u003eteias.13bolgemd@hs01.kep.tr;u003eteias.15bolge@hs01.kep.tr;u003eteias.16bolge@hs01.kep.tr;u003eteias17bolgemd@hs01.kep.tr;u003eteias.18bolge@hs01.kep.tr;u003eteias.19bolge@hs01.kep.tr;u003eteias.20bolge@hs01.kep.tr;u003eteias.21bolge@hs01.kep.tr;u003eteias.22bolgemudurlugu@hs01.kep.tr;u003eteias.kuzeybatiyuktevzi@hs01.kep.tr;u003eteias.batianadoluytm@hs01.kep.tr;u003eteias.okytm@hs01.kep.tr;u003eteias.gdaytm@hs01.kep.tr;u003eteias.trakyaytm@hs01.kep.tr;u003eteias.doguanadoluytm@hs01.kep.tr;u003eteias.doguakdenizytm@hs01.kep.tr;u003eteias.eklim@hs01.kep.tr;u003eteiasguctrafolarionarim@hs01.kep.tr;u003eteiassoma@hs01.kep.tr,https://www.teias.gov.tr/tr-TR,8,https://www.teias.gov.tr/tr-TR | https://www.teias.gov.tr/hakkimizda | https://www.teias.gov.tr/iletisim | https://www.teias.gov.tr/contact | https://www.teias.gov.tr/contact-us | https://www.teias.gov.tr/contacts | https://www.teias.gov.tr/ileti%C5%9Fim | https://www.teias.gov.tr/tr/iletisim,source_visible_email_found,,,
2026-06-18T22:03:52Z,failed,baskentkizyurdu.com,,,https://baskentkizyurdu.com,baskentkizyurdu.com,,,,0,,homepage_fetch_failed,,,
2026-06-18T22:03:52Z,no_email,hotel1207.com,,,https://hotel1207.com,hotel1207.com,,,,8,https://hotel1207.com/ | https://hotel1207.com/contact | https://hotel1207.com/contact-us | https://hotel1207.com/contacts | https://hotel1207.com/iletisim | https://hotel1207.com/ileti%C5%9Fim | https://hotel1207.com/tr/iletisim | https://hotel1207.com/tr/ileti%C5%9Fim,no_source_visible_email,,,
2026-06-18T22:03:57Z,found,villaperla.com,,,https://villaperla.com,villaperla.com,605a7baede844d278b89dc95ae0a9123@sentry-next.wixpress.com,605a7baede844d278b89dc95ae0a9123@sentry-next.wixpress.com;8eb368c655b84e029ed79ad7a5c1718e@sentry.wixpress.com,https://www.villaperla.com/,1,https://www.villaperla.com/,source_visible_email_found,,,
2026-06-18T22:04:03Z,failed,justinncity.com,,,https://justinncity.com,justinncity.com,,,,0,,homepage_fetch_failed,,,
2026-06-18T22:04:14Z,no_email,zemiragardenhotel.com,,,https://zemiragardenhotel.com,zemiragardenhotel.com,,,,1,https://zemiragardenhotel.com/,no_source_visible_email,,,
2026-06-18T22:04:23Z,found,viskolove.com,,,https://viskolove.com,viskolove.com,info@viskolove.com,info@viskolove.com;ecom-swiper@11.css;ecom-swiper@11.0.5.js;info@fashionshop.com,https://viskolove.com/,4,https://viskolove.com/ | https://viskolove.com/pages/hakkmzda | https://viskolove.com/pages/iletisim | https://viskolove.com/pages/bbp/,source_visible_email_found,,,
2026-06-18T22:04:31Z,found,hostelsantalya.com,,,https://hostelsantalya.com,hostelsantalya.com,myrixoss@outlook.com,myrixoss@outlook.com,http://www.hostelsantalya.com/,8,http://www.hostelsantalya.com/ | http://www.hostelsantalya.com/contact | http://www.hostelsantalya.com/contact-us | http://www.hostelsantalya.com/contacts | http://www.hostelsantalya.com/iletisim | http://www.hostelsantalya.com/ileti%C5%9Fim | http://www.hostelsantalya.com/tr/iletisim | http://www.hostelsantalya.com/tr/ileti%C5%9Fim,source_visible_email_found,,,
2026-06-18T22:04:38Z,no_email,gvaraparthotel.com,,,https://gvaraparthotel.com,gvaraparthotel.com,,,,1,http://gvaraparthotel.com/,no_source_visible_email,,,
2026-06-18T22:04:43Z,found,bogematravel.com,,,https://bogematravel.com,bogematravel.com,reservation@bogematravel.com,reservation@bogematravel.com,https://bogematravel.com/,4,https://bogematravel.com/ | https://bogematravel.com/hakkimizda | https://bogematravel.com/iletisim | https://bogematravel.com/kvkk,source_visible_email_found,,,
2026-06-18T22:04:52Z,no_email,hotelbilgehan.com,,,https://hotelbilgehan.com,hotelbilgehan.com,,,,6,https://hotelbilgehan.com/ | https://hotelbilgehan.com/guest-account/ | https://hotelbilgehan.com/about/ | https://hotelbilgehan.com/contacts/ | https://hotelbilgehan.com/booking/ | https://hotelbilgehan.com/contacts/,no_source_visible_email,,,
2026-06-18T22:04:57Z,no_email,olbiahotel.com.tr,,,https://olbiahotel.com.tr,olbiahotel.com.tr,,,,1,https://olbiahotel.com.tr/,no_source_visible_email,,,
2026-06-18T22:05:02Z,found,mediterraarthotel.com,,,https://mediterraarthotel.com,mediterraarthotel.com,info@mediterraarthotel.com,info@mediterraarthotel.com,https://mediterraarthotel.com/,3,https://mediterraarthotel.com/ | https://mediterraarthotel.com/pages/about-us | https://mediterraarthotel.com/pages/contact,source_visible_email_found,,,
2026-06-18T22:05:10Z,found,thecornerpark.com,,,https://thecornerpark.com,thecornerpark.com,info@thecornerpark.com,info@thecornerpark.com,https://thecornerpark.com/tr/,5,https://thecornerpark.com/tr/ | https://thecornerpark.com/tr/hakkimizda/ | https://thecornerpark.com/tr/iletisim/ | https://reservation.thecornerpark.com/ | https://thecornerpark.com/tr/iletisim/,source_visible_email_found,,,
2026-06-18T22:05:27Z,found,skykamerantalya.com,,,https://skykamerantalya.com,skykamerantalya.com,info@skykamerantalya.com,info@skykamerantalya.com,https://skykamerantalya.com/tr/iletisim,3,https://skykamerantalya.com/ | https://skykamerantalya.com/tr/hakkimizda | https://skykamerantalya.com/tr/iletisim,source_visible_email_found,,,
2026-06-18T22:05:33Z,failed,bonniecityhotel.com,,,https://bonniecityhotel.com,bonniecityhotel.com,,,,0,,homepage_fetch_failed,,,
2026-06-18T22:05:34Z,found,bloomtalyahotel.com.tr,,,https://bloomtalyahotel.com.tr,bloomtalyahotel.com.tr,reservation@bloomtalyahotel.com.tr,reservation@bloomtalyahotel.com.tr;bookings@website.com,https://bloomtalyahotel.com.tr/,6,https://bloomtalyahotel.com.tr/ | https://bloomtalyahotel.com.tr/hakkimizda/ | https://bloomtalyahotel.com.tr/iletisim/ | https://bloomtalyahotel.com.tr/contact-us-ii/ | https://bloomtalyahotel.com.tr/contact-us-ii/ | https://bloomtalyahotel.com.tr/iletisim/,source_visible_email_found,,,
2026-06-18T22:05:44Z,found,atallahotel.com,,,https://atallahotel.com,atallahotel.com,info@atallahotel.com,info@atallahotel.com,https://atallahotel.com/iletisim.php,4,https://atallahotel.com/ | https://atallahotel.com/hakkimizda.php | https://atallahotel.com/rezervasyon.php | https://atallahotel.com/iletisim.php,source_visible_email_found,,,
2026-06-18T22:05:53Z,found,casasurantalya.com,,,https://casasurantalya.com,casasurantalya.com,info@casasurantalya.com,info@casasurantalya.com,https://casasurantalya.com/,6,https://casasurantalya.com/ | https://casasurantalya.com/about-us/ | https://casasurantalya.com/about-us/sustainability-policies/ | https://casasurantalya.com/contact/ | https://book.casasurantalya.com/ | https://casasurantalya.com/contact/,source_visible_email_found,,,
2026-06-18T22:06:23Z,found,mevrehotel.com,,,https://mevrehotel.com,mevrehotel.com,info@mevrehotel.com,info@mevrehotel.com,https://mevrehotel.com/iletisim,3,https://mevrehotel.com/ | https://mevrehotel.com/hakkimizda | https://mevrehotel.com/iletisim,source_visible_email_found,,,
2026-06-18T22:06:38Z,failed,casafranco.tr,,,https://casafranco.tr,casafranco.tr,,,,0,,homepage_fetch_failed,,,
2026-06-18T22:06:38Z,failed,granderkenhotel.com,,,https://granderkenhotel.com,granderkenhotel.com,,,,0,,homepage_fetch_failed,,,
2026-06-18T22:06:40Z,found,oldtownkuyuhostel.com,,,https://oldtownkuyuhostel.com,oldtownkuyuhostel.com,kuyuhostelbar@gmail.com,kuyuhostelbar@gmail.com,https://www.oldtownkuyuhostel.com/,3,https://www.oldtownkuyuhostel.com/ | https://www.oldtownkuyuhostel.com/pages/about | https://www.oldtownkuyuhostel.com/pages/contact,source_visible_email_found,,,
2026-06-18T22:06:46Z,found,lelikosuites.com,,,https://lelikosuites.com,lelikosuites.com,lelikosuites@gmail.com,lelikosuites@gmail.com,https://www.lelikosuites.com/,3,https://www.lelikosuites.com/ | https://www.lelikosuites.com/pages/about | https://www.lelikosuites.com/pages/contact,source_visible_email_found,,,
2026-06-18T22:06:53Z,found,hotelroyalhill.com,,,https://hotelroyalhill.com,hotelroyalhill.com,info@hotelroyalhill.com,info@hotelroyalhill.com,https://hotelroyalhill.com/tr-tr/,7,https://hotelroyalhill.com/tr-tr/ | https://hotelroyalhill.com/tr-tr/contacts/ | https://hotelroyalhill.com/tr-tr/guest-account/ | https://hotelroyalhill.com/tr-tr/about/ | https://hotelroyalhill.com/tr-tr/booking/ | https://hotelroyalhill.com/tr-tr/privacy-policy/ | https://hotelroyalhill.com/tr-tr/business-policy/,source_visible_email_found,,,
2026-06-18T22:06:57Z,found,eskimasalhotel.com,,,https://eskimasalhotel.com,eskimasalhotel.com,info@eskimasalhotel.com,info@eskimasalhotel.com,https://eskimasalhotel.com/,3,https://eskimasalhotel.com/ | https://eskimasalhotel.com/contact/ | https://eskimasalhotel.com/contact,source_visible_email_found,,,
2026-06-18T22:07:09Z,found,hotelatici.com,,,https://hotelatici.com,hotelatici.com,info@hotelatici.com,info@hotelatici.com,https://www.hotelatici.com/,2,https://www.hotelatici.com/ | https://www.hotelatici.com/pages/contact,source_visible_email_found,,,
2026-06-18T22:07:15Z,no_email,bayindirpalmehotel.com,,,https://bayindirpalmehotel.com,bayindirpalmehotel.com,,,,2,https://bayindirpalmehotel.com/ | https://bayindirpalmehotel.com/rezervasyon.asp,no_source_visible_email,,,
2026-06-18T22:07:23Z,no_email,turunchotelantalya.com,,,https://turunchotelantalya.com,turunchotelantalya.com,,,,6,https://buiibo.com/red.php | https://buiibo.com/404.php | https://buiibo.com/404.php | https://buiibo.com/404.php | https://buiibo.com/404.php | https://buiibo.com/404.php,no_source_visible_email,,,
2026-06-18T22:07:29Z,no_email,marinepointhotel.com,,,https://marinepointhotel.com,marinepointhotel.com,,,,5,https://www.marinepointhotel.com/ | https://www.marinepointhotel.com/iletisim/ | https://www.marinepointhotel.com/hakkinda/ | https://www.marinepointhotel.com/iletisim/ | https://www.marinepointhotel.com/ileti%C5%9Fim/,no_source_visible_email,,,
2026-06-18T22:07:38Z,no_email,lacasacarina.com,,,https://lacasacarina.com,lacasacarina.com,,,,8,https://lacasacarina.com/ | https://lacasacarina.com/contact | https://lacasacarina.com/contact-us | https://lacasacarina.com/contacts | https://lacasacarina.com/iletisim | https://lacasacarina.com/ileti%C5%9Fim | https://lacasacarina.com/tr/iletisim | https://lacasacarina.com/tr/ileti%C5%9Fim,no_source_visible_email,,,
2026-06-18T22:07:42Z,no_email,nascornerotel.com,,,https://nascornerotel.com,nascornerotel.com,,,,1,http://nascornerotel.com/,no_source_visible_email,,,
2026-06-18T22:07:48Z,found,harmonyspor.com.tr,,,https://harmonyspor.com.tr,harmonyspor.com.tr,harmonyspormagaza@gmail.com,harmonyspormagaza@gmail.com,https://harmonyspor.com.tr/,3,https://harmonyspor.com.tr/ | https://harmonyspor.com.tr/sayfa/satis-politikasi-sozlesmesi | https://harmonyspor.com.tr/sayfa/iletisim,source_visible_email_found,,,
2026-06-18T22:08:08Z,no_email,toprakcityhotelantalya.com,,,https://toprakcityhotelantalya.com,toprakcityhotelantalya.com,,,,1,http://toprakcityhotelantalya.com/,no_source_visible_email,,,
2026-06-18T22:08:14Z,failed,antalyabestapart.com,,,https://antalyabestapart.com,antalyabestapart.com,,,,0,,homepage_fetch_failed,,,
2026-06-18T22:08:14Z,found,zykhoreca.com,,,https://zykhoreca.com,zykhoreca.com,zafer@zykhoreca.com,zafer@zykhoreca.com,https://zykhoreca.com/,1,https://zykhoreca.com/,source_visible_email_found,,,
2026-06-18T22:08:29Z,found,hoteltimo.com,,,https://hoteltimo.com,hoteltimo.com,info@hoteltimo.com,info@hoteltimo.com,https://hoteltimo.com/,5,https://hoteltimo.com/ | https://hoteltimo.com/hakkimizda | https://hoteltimo.com/kvkk | https://hoteltimo.com/iletisim | https://hoteltimo.com/rezervasyon,source_visible_email_found,,,
2026-06-18T22:08:39Z,found,hotelasistan.com,,,https://hotelasistan.com,hotelasistan.com,info@hotelasistan.com,info@hotelasistan.com;ornek@firma.com,https://hotelasistan.com/,8,https://hotelasistan.com/ | https://hotelasistan.com/kurumsal/giris.php | https://hotelasistan.com/hakkimizda.php | https://www.hotelasistan.com/index.php | https://www.hotelasistan.com/index.php | https://www.hotelasistan.com/index.php | https://www.hotelasistan.com/index.php | https://www.hotelasistan.com/index.php,source_visible_email_found,,,
2026-06-18T22:08:48Z,found,antalyayildizlar.com,,,https://antalyayildizlar.com,antalyayildizlar.com,info@antalyayildizlar.com,info@antalyayildizlar.com,https://www.antalyayildizlar.com/,3,https://www.antalyayildizlar.com/ | https://www.antalyayildizlar.com/musteri-hizmetleri/hakkimizda | https://www.antalyayildizlar.com/musteri-hizmetleri/mesafeli-satis-sozlesmesi,source_visible_email_found,,,
2026-06-18T22:08:59Z,found,castleoldtown.com,,,https://castleoldtown.com,castleoldtown.com,info@castleoldtown.com,info@castleoldtown.com,https://www.castleoldtown.com/,4,https://www.castleoldtown.com/ | https://www.castleoldtown.com/pages/about-us | https://www.castleoldtown.com/pages/contact | https://www.castleoldtown.com/bv3/search,source_visible_email_found,,,
2026-06-18T22:09:07Z,found,taskinceyhan.com,,,https://taskinceyhan.com,taskinceyhan.com,ceyhan@taskinceyhan.com,taskinceyhan@gmail.com;ceyhan@taskinceyhan.com,https://taskinceyhan.com/,7,https://taskinceyhan.com/ | https://taskinceyhan.com/about-us/ | https://taskinceyhan.com/contacts/ | https://taskinceyhan.com/contact-us-2/ | https://taskinceyhan.com/contact-us-2/ | https://taskinceyhan.com/contacts/ | https://taskinceyhan.com/iletisim-otel-mimari-fotograf-film/,source_visible_email_found,,,
2026-06-18T22:09:18Z,no_email,lionashotel.com,,,https://lionashotel.com,lionashotel.com,,,,1,https://lionashotel.com/,no_source_visible_email,,,
2026-06-18T22:09:25Z,found,digyglobal.com,,,https://digyglobal.com,digyglobal.com,sales@digyglobal.com,sales@digyglobal.com,https://digyglobal.com/,5,https://digyglobal.com/ | https://digyglobal.com/portfolio/digycontact-oteller-icin-whatsapp-bussines/ | https://digyglobal.com/hakkimizda/ | https://digyglobal.com/iletisim/ | https://digyglobal.com/digycontact/,source_visible_email_found,,,
2026-06-18T22:09:33Z,found,dedeogluzuccaciye.com.tr,,,https://dedeogluzuccaciye.com.tr,dedeogluzuccaciye.com.tr,info@dedeogluzuccaciye.com.tr,info@dedeogluzuccaciye.com.tr,https://dedeogluzuccaciye.com.tr/,4,https://dedeogluzuccaciye.com.tr/ | https://dedeogluzuccaciye.com.tr/sayfa/hakkimizda | https://dedeogluzuccaciye.com.tr/iletisim | https://dedeogluzuccaciye.com.tr/sayfa/mesafeli-satis-sozlesmesi,source_visible_email_found,,,
2026-06-18T22:09:41Z,no_email,goodmanhotel.com,,,https://goodmanhotel.com,goodmanhotel.com,,,,1,https://unstoppabledomains.com/d/goodmanhotel.com,no_source_visible_email,,,
2026-06-18T22:09:48Z,no_email,hotelbohema.com,,,https://hotelbohema.com,hotelbohema.com,,,,1,https://hotelbohema.com/,no_source_visible_email,,,
2026-06-18T22:09:53Z,no_email,batapart.com.tr,,,https://batapart.com.tr,batapart.com.tr,,,,5,https://batapart.com.tr/ru-ru/ | https://batapart.com.tr/ru-ru/contacts/ | https://batapart.com.tr/ru-ru/booking/ | https://batapart.com.tr/ru-ru/about/ | https://batapart.com.tr/ru-ru/contacts/,no_source_visible_email,,,
2026-06-18T22:09:58Z,failed,atlasmutfak.com,,,https://atlasmutfak.com,atlasmutfak.com,,,,0,,homepage_fetch_failed,,,
2026-06-18T22:09:59Z,found,antalyawaves.com,,,https://antalyawaves.com,antalyawaves.com,info@antalyawaves.com,info@antalyawaves.com;sales@antalyawaves.com,https://antalyawaves.com/,7,https://antalyawaves.com/ | https://antalyawaves.com/contact | https://antalyawaves.com/page/about-us | https://antalyawaves.com/contact | https://antalyawaves.com/page/return-policy | https://antalyawaves.com/page/privacy-policy | https://antalyawaves.com/page/privacy-policy,source_visible_email_found,,,
2026-06-18T22:10:06Z,failed,antyap.com,,,https://antyap.com,antyap.com,,,,0,,homepage_fetch_failed,,,
2026-06-18T22:10:43Z,no_email,36konukzade.com,,,https://36konukzade.com,36konukzade.com,,,,1,https://36konukzade.com/,no_source_visible_email,,,
2026-06-18T22:10:50Z,found,poyd.org,,,https://poyd.org,poyd.org,info@poyd.org,info@poyd.org,https://poyd.org/,8,https://poyd.org/ | https://poyd.org/hakkimizda/dernek | https://poyd.org/hakkimizda/hakkimizda | https://poyd.org/hakkimizda/iletisim | https://poyd.org/hakkimizda/misyon-ve-vizyonumuz | https://poyd.org/hakkimizda/poyd-yonetimi | https://poyd.org/hakkimizda/faaliyet-raporlari | https://poyd.org/hakkimizda/temsilciliklerimiz,source_visible_email_found,,,
2026-06-18T22:10:57Z,found,maviavlu.com,,,https://maviavlu.com,maviavlu.com,in**@******lu.com,in**@******lu.com,https://maviavlu.com/,6,https://maviavlu.com/ | https://maviavlu.com/contact-us/ | https://maviavlu.com/about/ | https://maviavlu.com/about-us/ | https://maviavlu.com/contact-us/ | https://maviavlu.com/contact-us/,source_visible_email_found,,,
2026-06-18T22:11:27Z,found,elitotel.tr,,,https://elitotel.tr,elitotel.tr,elitotel@e-mail.com.tr,elitotel@e-mail.com.tr,https://www.elitotel.tr/,5,https://www.elitotel.tr/ | https://www.elitotel.tr/hakkimizda/ | https://www.elitotel.tr/iletisim/ | https://www.elitotel.tr/iletisim/ | https://www.elitotel.tr/hakkimizda/,source_visible_email_found,,,
2026-06-18T22:11:37Z,found,aktob.org.tr,,,https://aktob.org.tr,aktob.org.tr,info@aktob.org.tr,info@aktob.org.tr,https://aktob.org.tr/,5,https://aktob.org.tr/ | https://aktob.org.tr/hakkimizda/ | https://aktob.org.tr//hakkimizda/ | https://aktob.org.tr/iletisim/ | https://aktob.org.tr/kvkk/,source_visible_email_found,,,
2026-06-18T22:12:10Z,failed,tikla.com.tr,,,https://tikla.com.tr,tikla.com.tr,,,,0,,homepage_fetch_failed,,,
2026-06-18T22:12:30Z,found,onayhamami.com.tr,,,https://onayhamami.com.tr,onayhamami.com.tr,info@onayhamami.com.tr,info@onayhamami.com.tr,https://www.onayhamami.com.tr/,5,https://www.onayhamami.com.tr/ | https://www.onayhamami.com.tr/TR/hakkimizda | https://www.onayhamami.com.tr/TR/iletisim | https://www.onayhamami.com.tr/contact | https://www.onayhamami.com.tr/iletisim,source_visible_email_found,,,
2026-06-18T22:12:42Z,no_email,workc.co,,,https://workc.co,workc.co,,,,3,https://workc.co/ | https://workc.co/iletisim | https://workc.co/iletisim,no_source_visible_email,,,
2026-06-18T22:12:46Z,found,cityclubspa.com,,,https://cityclubspa.com,cityclubspa.com,ramada@cityclubspa.com,ramada@cityclubspa.com;beyazdunya@cityclubspa.com;kas@cityclubspa.com;das@cityclubspa.com;megasaray@cityclubspa.com,https://cityclubspa.com/,5,https://cityclubspa.com/ | https://cityclubspa.com/hakkimizda/ | https://cityclubspa.com/iletisim/ | https://cityclubspa.com/iletisim/ | https://cityclubspa.com/iletisim/,source_visible_email_found,,,
2026-06-18T22:12:58Z,no_email,oceanclub.com.tr,,,https://oceanclub.com.tr,oceanclub.com.tr,,,,4,https://oceanclub.com.tr/ | https://oceanclub.com.tr/hakkimizda/ | https://oceanclub.com.tr/contact-1/ | https://oceanclub.com.tr/iletisim/,no_source_visible_email,,,
2026-06-18T22:13:20Z,failed,familyspawellness.com,,,https://familyspawellness.com,familyspawellness.com,,,,0,,homepage_fetch_failed,,,
2026-06-18T22:13:21Z,failed,eofis.com.tr,,,https://eofis.com.tr,eofis.com.tr,,,,0,,homepage_fetch_failed,,,
2026-06-18T22:13:21Z,failed,ondigitalya.com,,,https://ondigitalya.com,ondigitalya.com,,,,0,,homepage_fetch_failed,,,
2026-06-18T22:13:41Z,found,otelonline.net,,,https://otelonline.net,otelonline.net,info@otelonline.net,hello@otelonline.net;info@otelonline.net,http://www.otelonline.net/tr/kvkk.html,7,http://otelonline.net/ | http://www.otelonline.net/tr/hakkimizda.html | http://www.otelonline.net/tr/misafir-deneyim-yonetimi | http://www.otelonline.net/tr/contact | http://www.otelonline.net/tr/online-satis-ile-otel-gelirlerini-artirmanin-etkili-yollari.html | http://www.otelonline.net/tr/kvkk.html | http://otelonline.net/contact,source_visible_email_found,,,
